Location_o,Distance_km
Rehmat Nagar,9.083756140787298
Azad Garden,6.266127318040645
